旅宿民稱,地址,電話,官方網站,總房間數,定價,星級
家適咖啡.民宿,連江縣北竿鄉芹壁村51號,0836-56669,https://www.facebook.com/JUST.coffee.hostel,3間,NT$4200-4500(定價係指各種房型之最高備查價格區間，各房型實際售價請依旅宿業者公布為主。),-
芹壁村25號之老村長的漁寮,連江縣北竿鄉芹壁村24號,0836-55628,http://www.chinbe.com.tw,3間,NT$4000-6000(定價係指各種房型之最高備查價格區間，各房型實際售價請依旅宿業者公布為主。),-
三隻腳民宿,連江縣南竿鄉馬祖村23號,0836-25580,-,5間,NT$3200-5600(定價係指各種房型之最高備查價格區間，各房型實際售價請依旅宿業者公布為主。),-
百合客棧,連江縣莒光鄉大坪村31號,0836-88018,-,4間,NT$2500-5600(定價係指各種房型之最高備查價格區間，各房型實際售價請依旅宿業者公布為主。),-
聽海民宿,連江縣南竿鄉津沙村26號,0836-23003,-,2間,NT$3800-3800(定價係指各種房型之最高備查價格區間，各房型實際售價請依旅宿業者公布為主。),-
日光春和,連江縣南竿鄉仁愛村1之1號,0836-26666,https://www.dayspringmatsu.com/,12間,NT$5500-8900(定價係指各種房型之最高備查價格區間，各房型實際售價請依旅宿業者公布為主。),-
碧雲天渡假村,連江縣北竿鄉塘岐村255號,0836-55461,http://hotel.matsu.idv.tw/bluesky/,13間,NT$3000-5500(定價係指各種房型之最高備查價格區間，各房型實際售價請依旅宿業者公布為主。),-
夫人民宿,連江縣南竿鄉四維村40之1號,0836-25138,http://www.furen.com.tw/,2間,NT$4800-4800(定價係指各種房型之最高備查價格區間，各房型實際售價請依旅宿業者公布為主。),-
津沙真好窩,連江縣南竿鄉津沙村64號,0919-280564,-,2間,NT$3500-4000(定價係指各種房型之最高備查價格區間，各房型實際售價請依旅宿業者公布為主。),-
田園山莊民宿,連江縣北竿鄉坂里村36號,0836-55423,-,5間,NT$1500-2000(定價係指各種房型之最高備查價格區間，各房型實際售價請依旅宿業者公布為主。),-
牛角好窩民宿餐飲,連江縣南竿鄉復興村149號,0836-23530,-,4間,NT$2500-3200(定價係指各種房型之最高備查價格區間，各房型實際售價請依旅宿業者公布為主。),-
馬祖依嬤民宿,連江縣南竿鄉復興村77號,0836-26688,-,4間,NT$1600-3800(定價係指各種房型之最高備查價格區間，各房型實際售價請依旅宿業者公布為主。),-
東引海角民宿二館,連江縣東引鄉中柳村138號,0836-76268,-,3間,NT$1800-2200(定價係指各種房型之最高備查價格區間，各房型實際售價請依旅宿業者公布為主。),-
津沙客棧,連江縣南竿鄉津沙村12號,0836-23020,-,5間,NT$2000-2500(定價係指各種房型之最高備查價格區間，各房型實際售價請依旅宿業者公布為主。),-
議長的家Villa,連江縣北竿鄉后沃村1號及1之1號,0933-008133,-,2間,NT$1300-4300(定價係指各種房型之最高備查價格區間，各房型實際售價請依旅宿業者公布為主。),-
億客來民宿,連江縣北竿鄉塘岐村267之2號,0988-066232,-,4間,NT$2800-3600(定價係指各種房型之最高備查價格區間，各房型實際售價請依旅宿業者公布為主。),-
東方明珠網路民宿,連江縣南竿鄉介壽村88號,0836-26187,-,11間,NT$2000-3800(定價係指各種房型之最高備查價格區間，各房型實際售價請依旅宿業者公布為主。),-
星漾海景民宿(特色民宿),連江縣北竿鄉橋仔村127號,0836-56699,http://www.star-yang.com,9間,NT$4000-8000(定價係指各種房型之最高備查價格區間，各房型實際售價請依旅宿業者公布為主。),-
安逸旅店,連江縣東引鄉樂華村81號,0928-242767,-,10間,NT$2800-4000(定價係指各種房型之最高備查價格區間，各房型實際售價請依旅宿業者公布為主。),-
舒漫活海景旅宿,連江縣北竿鄉橋仔村85號,0836-55685,http://www.lohaslife.tw,8間,NT$4200-8000(定價係指各種房型之最高備查價格區間，各房型實際售價請依旅宿業者公布為主。),-
津沙古街客居,連江縣南竿鄉津沙村100號,0836-26190,-,1間,NT$3600-3600(定價係指各種房型之最高備查價格區間，各房型實際售價請依旅宿業者公布為主。),-
盈賓民宿,連江縣東引鄉樂華村78號,0836-77367,-,1間,NT$2400-2400(定價係指各種房型之最高備查價格區間，各房型實際售價請依旅宿業者公布為主。),-
福正民宿,連江縣莒光鄉福正村10號,0836-88213,-,5間,NT$2500-3000(定價係指各種房型之最高備查價格區間，各房型實際售價請依旅宿業者公布為主。),-
馬祖1青年民宿,連江縣南竿鄉津沙村71號,0836-23353,http://www.matsuhostel.com,5間,NT$3600-10800(定價係指各種房型之最高備查價格區間，各房型實際售價請依旅宿業者公布為主。),-
遊戲民宿,連江縣東引鄉樂華村163號,0836-76553,-,4間,NT$1200-2200(定價係指各種房型之最高備查價格區間，各房型實際售價請依旅宿業者公布為主。),-
卡蹓英雄館,連江縣南竿鄉馬祖村101之1號,0836-25025,http://www.kaliu.com.tw,15間,NT$5600-5600(定價係指各種房型之最高備查價格區間，各房型實際售價請依旅宿業者公布為主。),-
芹壁山城民宿,連江縣北竿鄉芹壁村71號,0836-55630,-,5間,NT$3500-5000(定價係指各種房型之最高備查價格區間，各房型實際售價請依旅宿業者公布為主。),-
邊辰海景民宿,連江縣東引鄉樂華村40號,0836-76053,-,4間,NT$3000-3400(定價係指各種房型之最高備查價格區間，各房型實際售價請依旅宿業者公布為主。),-
津沙民宿,連江縣南竿鄉津沙村133號,0836-22765,-,2間,NT$3600-3600(定價係指各種房型之最高備查價格區間，各房型實際售價請依旅宿業者公布為主。),-
東莒幸福居民宿,連江縣莒光鄉大坪村106之1號,0836-89021,-,3間,NT$4800-4800(定價係指各種房型之最高備查價格區間，各房型實際售價請依旅宿業者公布為主。),-
東引小棧民宿,連江縣東引鄉樂華村148號,0932-262281,-,3間,NT$3000-3800(定價係指各種房型之最高備查價格區間，各房型實際售價請依旅宿業者公布為主。),-
芹壁幸福海岸民宿,連江縣北竿鄉芹壁村19號,0836-55355,-,2間,NT$2800-4600(定價係指各種房型之最高備查價格區間，各房型實際售價請依旅宿業者公布為主。),-
津沙文化村,連江縣南竿鄉津沙村70號,0836-26190,-,3間,NT$4800-4800(定價係指各種房型之最高備查價格區間，各房型實際售價請依旅宿業者公布為主。),-
龍福山莊,連江縣北竿鄉塘岐村273-8號,0836-55066,-,70間,NT$4600-6000(定價係指各種房型之最高備查價格區間，各房型實際售價請依旅宿業者公布為主。),-
馬悠驛館,連江縣南竿鄉仁愛村4號3樓,0836-23239,-,3間,NT$3000-5000(定價係指各種房型之最高備查價格區間，各房型實際售價請依旅宿業者公布為主。),-
全壘打民宿,連江縣東引鄉中柳村107號,0836-77054,-,2間,NT$2400-2400(定價係指各種房型之最高備查價格區間，各房型實際售價請依旅宿業者公布為主。),-
大新民宿,連江縣北竿鄉塘岐村232號,0836-55455,-,5間,NT$2400-2400(定價係指各種房型之最高備查價格區間，各房型實際售價請依旅宿業者公布為主。),-
東湧行旅旅店,連江縣東引鄉樂華村29號,0836-77168,-,15間,NT$2200-3600(定價係指各種房型之最高備查價格區間，各房型實際售價請依旅宿業者公布為主。),-
香格里拉休閒民宿,連江縣東引鄉樂華村128號,0836-76191,https://www.facebook.com/%E6%9D%B1%E5%BC%95%E9%A6%99%E6%A0%BC%E9%87%8C%E6%8B%89%E4%BC%91%E9%96%92%E6%B0%91%E5%AE%BF-130481437000965/,4間,NT$3000-3600(定價係指各種房型之最高備查價格區間，各房型實際售價請依旅宿業者公布為主。),-
東聲民宿,連江縣東引鄉中柳村106號,0836-77306,https://www.facebook.com/%E6%9D%B1%E8%81%B2%E6%B0%91%E5%AE%BF-814663715210307/,2間,NT$2400-2400(定價係指各種房型之最高備查價格區間，各房型實際售價請依旅宿業者公布為主。),-
福澳窩背包客民宿,連江縣南竿鄉福沃村89號,0937-883091,-,2間,NT$800-1000(定價係指各種房型之最高備查價格區間，各房型實際售價請依旅宿業者公布為主。),-
鴻景山莊民宿,連江縣莒光鄉大坪村5之1號,0836-88033,-,3間,NT$3400-3400(定價係指各種房型之最高備查價格區間，各房型實際售價請依旅宿業者公布為主。),-
黃金沙灘民宿,連江縣莒光鄉大坪村62號,0836-88246,-,4間,NT$1800-2800(定價係指各種房型之最高備查價格區間，各房型實際售價請依旅宿業者公布為主。),-
芹壁愛情海,連江縣北竿鄉芹壁村54號,0836-56668,-,3間,NT$2800-4800(定價係指各種房型之最高備查價格區間，各房型實際售價請依旅宿業者公布為主。),-
民生民宿,連江縣東引鄉樂華村92號,0836-76039,-,4間,NT$2000-3200(定價係指各種房型之最高備查價格區間，各房型實際售價請依旅宿業者公布為主。),-
船老大民宿,連江縣莒光鄉大坪村72號,0836-88022,-,1間,NT$3200-3200(定價係指各種房型之最高備查價格區間，各房型實際售價請依旅宿業者公布為主。),-
大浦民宿,連江縣莒光鄉大坪村100之1號,0836-88039,-,4間,NT$5200-6600(定價係指各種房型之最高備查價格區間，各房型實際售價請依旅宿業者公布為主。),-
多麗民宿,連江縣南竿鄉介壽村219號,0836-22034,-,5間,NT$2000-3600(定價係指各種房型之最高備查價格區間，各房型實際售價請依旅宿業者公布為主。),-
梅好石屋,連江縣北竿鄉芹壁村73號,0933-769967,-,2間,NT$2800-2800(定價係指各種房型之最高備查價格區間，各房型實際售價請依旅宿業者公布為主。),-
故鄉民宿(特色民宿),連江縣莒光鄉大坪村3鄰40之1號,0836-88080,http://www.matsuhometownbnb.com/,10間,NT$3000-6000(定價係指各種房型之最高備查價格區間，各房型實際售價請依旅宿業者公布為主。),-
馬蓋先民宿,連江縣東引鄉樂華村139號,0836-76277,-,3間,NT$2000-2400(定價係指各種房型之最高備查價格區間，各房型實際售價請依旅宿業者公布為主。),-
馬祖民宿,連江縣南竿鄉介壽村200號,0836-23404,-,3間,NT$3200-5000(定價係指各種房型之最高備查價格區間，各房型實際售價請依旅宿業者公布為主。),-
壁雲天民宿,連江縣北竿鄉塘岐村254號,0836-55471,-,9間,NT$3000-3600(定價係指各種房型之最高備查價格區間，各房型實際售價請依旅宿業者公布為主。),-
蔚藍珠海民宿,連江縣南竿鄉四維村20號,0836-26800,https://www.facebook.com/Blue.Zhuhai/,15間,NT$4500-5600(定價係指各種房型之最高備查價格區間，各房型實際售價請依旅宿業者公布為主。),-
芹壁地中海民宿,連江縣北竿鄉芹壁村68號(永康居),0836-56612,http://www.chinbe-village.com.tw/,5間,NT$2800-5000(定價係指各種房型之最高備查價格區間，各房型實際售價請依旅宿業者公布為主。),-
雲津客棧,連江縣南竿鄉馬祖村103-2號,0905-505811,-,9間,NT$5200-9600(定價係指各種房型之最高備查價格區間，各房型實際售價請依旅宿業者公布為主。),-
北海岸復興民宿,連江縣北竿鄉塘岐村78號,0836-55035,-,4間,NT$2800-3800(定價係指各種房型之最高備查價格區間，各房型實際售價請依旅宿業者公布為主。),-
幸福海岸民宿2館,連江縣北竿鄉芹壁村21號,0836-55355,-,2間,NT$2700-2700(定價係指各種房型之最高備查價格區間，各房型實際售價請依旅宿業者公布為主。),-
安錤的家,連江縣南竿鄉介壽村47之2號2樓,0836-22180,-,4間,NT$1600-2400(定價係指各種房型之最高備查價格區間，各房型實際售價請依旅宿業者公布為主。),-
清水灣客棧,連江縣南竿鄉清水村88號,0836-22771,-,2間,NT$1500-1500(定價係指各種房型之最高備查價格區間，各房型實際售價請依旅宿業者公布為主。),-
芹壁山莊,連江縣北竿鄉芹壁村85號,0836-55677,http://chinbe85.com.tw/index.aspx,4間,NT$5200-5200(定價係指各種房型之最高備查價格區間，各房型實際售價請依旅宿業者公布為主。),-
藍洋洋的家,連江縣北竿鄉塘岐村194號,0836-56269,-,5間,NT$1000-1800(定價係指各種房型之最高備查價格區間，各房型實際售價請依旅宿業者公布為主。),-
第一民宿,連江縣東引鄉中柳村108號,0836-77361,-,2間,NT$2400-2400(定價係指各種房型之最高備查價格區間，各房型實際售價請依旅宿業者公布為主。),-
發哥民宿,連江縣東引鄉樂華村75號,0836-77528,-,5間,NT$2800-3600(定價係指各種房型之最高備查價格區間，各房型實際售價請依旅宿業者公布為主。),-
依嬤海景民宿,連江縣南竿鄉復興村141號,0836-26688,-,5間,NT$1800-3000(定價係指各種房型之最高備查價格區間，各房型實際售價請依旅宿業者公布為主。),-
北海岸民宿,連江縣北竿鄉塘岐村中正路240號,0836-55036,-,5間,NT$1500-1800(定價係指各種房型之最高備查價格區間，各房型實際售價請依旅宿業者公布為主。),-
美芹居,連江縣北竿鄉芹壁村28之2號,0921-196830,http://bnb.matsu.idv.tw/beautifulchinbe/,3間,NT$2400-4500(定價係指各種房型之最高備查價格區間，各房型實際售價請依旅宿業者公布為主。),-
東引海角民宿一館,連江縣東引鄉中柳村137號,0836-76268,-,5間,NT$2200-4800(定價係指各種房型之最高備查價格區間，各房型實際售價請依旅宿業者公布為主。),-
明建星休閒民宿,連江縣東引鄉中柳村66號,0836-77180,-,15間,NT$2200-3600(定價係指各種房型之最高備查價格區間，各房型實際售價請依旅宿業者公布為主。),-
芹壁村25號民宿,連江縣北竿鄉芹壁村25號,0836-55628,http://www.chinbe.com.tw,1間,NT$5500-5500(定價係指各種房型之最高備查價格區間，各房型實際售價請依旅宿業者公布為主。),-
假期旅店民宿,連江縣南竿鄉福沃村96號,0836-25515,-,15間,NT$2500-4000(定價係指各種房型之最高備查價格區間，各房型實際售價請依旅宿業者公布為主。),-
好望角景觀民宿,連江縣南竿鄉福沃村98號,0836-25868,-,2間,NT$5400-5400(定價係指各種房型之最高備查價格區間，各房型實際售價請依旅宿業者公布為主。),-
芹壁青年民宿,連江縣北竿鄉芹壁村22之1號,0836-55522,-,3間,NT$2800-5200(定價係指各種房型之最高備查價格區間，各房型實際售價請依旅宿業者公布為主。),-
海老屋民宿,連江縣南竿鄉復興村114號,0836-22782,http://cchsi0126.wix.com/seasidehouse,4間,NT$1800-3000(定價係指各種房型之最高備查價格區間，各房型實際售價請依旅宿業者公布為主。),-
台江大飯店,連江縣北竿鄉塘岐村200號,0836-55256,https://www.facebook.com/MatsuTaiJiangBB,4間,NT$2450-4800(定價係指各種房型之最高備查價格區間，各房型實際售價請依旅宿業者公布為主。),-
馬祖天后會舘,連江縣南竿鄉馬祖村102之6號,0928-061930,-,15間,NT$3880-5880(定價係指各種房型之最高備查價格區間，各房型實際售價請依旅宿業者公布為主。),-
小玖窩民宿,連江縣北竿鄉芹壁村42號,0921-535305,-,2間,NT$8500-15000(定價係指各種房型之最高備查價格區間，各房型實際售價請依旅宿業者公布為主。),-
玖伍小築,連江縣南竿鄉介壽村95號,09-21730793,https://l.facebook.com/l.php?u=https%3A%2F%2F95bnb.mystrikingly.com%2F%3Ffbclid%3DIwAR2QmNmcN31e6LyzH9hccjZv0wK_gjO_qFw5e6mP7qo3NSh4TxO69aXnVsk&h=AT0_VsoNEMs66H-Y6aYlrMs-iUcyNL0zqrafNEaNxrSxuHgqnb3EPslpPc2bAr-XFcr8a1r25vrJPw3407GKddyjDG37wg9WLiPeoKZtrnoCX,15間,NT$2600-4600(定價係指各種房型之最高備查價格區間，各房型實際售價請依旅宿業者公布為主。),-
島嶼花草民宿,連江縣南竿鄉馬祖村22號,0932-923949,https://www.facebook.com/%E5%B3%B6%E5%B6%BC%E8%8A%B1%E8%8D%89-%E6%96%87%E6%97%85-107019954816403,4間,NT$3200-4500(定價係指各種房型之最高備查價格區間，各房型實際售價請依旅宿業者公布為主。),-
東邊山輕旅,連江縣南竿鄉津沙村140號,0836-22032,-,4間,NT$3880-4880(定價係指各種房型之最高備查價格區間，各房型實際售價請依旅宿業者公布為主。),-
牛角海邊民宿,連江縣南竿鄉復興村121號,0939-259266,-,3間,NT$3200-5500(定價係指各種房型之最高備查價格區間，各房型實際售價請依旅宿業者公布為主。),-
我家民宿,連江縣南竿鄉清水村88-2號,0836-25159,-,5間,NT$2500-2500(定價係指各種房型之最高備查價格區間，各房型實際售價請依旅宿業者公布為主。),-
找茶複合式民宿,連江縣莒光鄉大坪村30號,0985-009664,-,5間,NT$5200-5600(定價係指各種房型之最高備查價格區間，各房型實際售價請依旅宿業者公布為主。),-
海悅樓民宿,連江縣東引鄉樂華村52號3樓,0937-181560,-,5間,NT$3200-4200(定價係指各種房型之最高備查價格區間，各房型實際售價請依旅宿業者公布為主。),-
珠螺冀客棧,連江縣南竿鄉珠螺村15號,0919-919105,-,5間,NT$1800-3600(定價係指各種房型之最高備查價格區間，各房型實際售價請依旅宿業者公布為主。),-
鋒之谷民宿,連江縣莒光鄉大坪村107號,0836-88158,https://bnb.matsu.idv.tw/fengvalley/,5間,NT$2800-2800(定價係指各種房型之最高備查價格區間，各房型實際售價請依旅宿業者公布為主。),-
123民宿,連江縣東引鄉樂華村123-1號,0928-094261,-,5間,NT$2400-3600(定價係指各種房型之最高備查價格區間，各房型實際售價請依旅宿業者公布為主。),-
一起在驛站民宿,連江縣莒光鄉大坪村11、12號,0937-120736,-,5間,NT$2800-4400(定價係指各種房型之最高備查價格區間，各房型實際售價請依旅宿業者公布為主。),-
津沙堤岸民宿,連江縣南竿鄉津沙村72號,0920-063148,-,2間,NT$2800-3800(定價係指各種房型之最高備查價格區間，各房型實際售價請依旅宿業者公布為主。),-
香賓民宿餐飲店,連江縣南竿鄉清水村110號,0988-619985,https://bnb.matsu.idv.tw/champagne/,5間,NT$4000-8000(定價係指各種房型之最高備查價格區間，各房型實際售價請依旅宿業者公布為主。),-
幸福藍眼淚會館,連江縣南竿鄉清水村117號,0928-260316,-,5間,NT$2980-5300(定價係指各種房型之最高備查價格區間，各房型實際售價請依旅宿業者公布為主。),-
芹壁水漾,連江縣北竿鄉芹壁村62號,0912-685971,https://waterripple.com.tw/,5間,NT$4800-6800(定價係指各種房型之最高備查價格區間，各房型實際售價請依旅宿業者公布為主。),-
芹壁望海樓民宿,連江縣北竿鄉芹壁村32-1號,0933-250089,-,1間,NT$2500-2500(定價係指各種房型之最高備查價格區間，各房型實際售價請依旅宿業者公布為主。),-
凱翔旅宿,連江縣南竿鄉福沃村108-3號,0836-22652,-,9間,NT$4200-5300(定價係指各種房型之最高備查價格區間，各房型實際售價請依旅宿業者公布為主。),-
簡單生活青旅,連江縣南竿鄉介壽村199號,0975-046533,http://simplelife.8898go.com/,2間,NT$4000-4000(定價係指各種房型之最高備查價格區間，各房型實際售價請依旅宿業者公布為主。),-
厝邊民宿,連江縣南竿鄉介壽村40-5號1樓,0975-775237,-,5間,NT$3000-4800(定價係指各種房型之最高備查價格區間，各房型實際售價請依旅宿業者公布為主。),-
印象北疆民宿,連江縣東引鄉樂華村126-1號,0972-522166,-,11間,NT$2600-3800(定價係指各種房型之最高備查價格區間，各房型實際售價請依旅宿業者公布為主。),-
星海芝家,連江縣南竿鄉介壽村213號,0911-902623,http://www.xn--zfv984byxqpsi.tw/hotel/hweb/1111111/,5間,NT$2800-2800(定價係指各種房型之最高備查價格區間，各房型實際售價請依旅宿業者公布為主。),-
好日子民宿,連江縣南竿鄉馬祖村113-1號,0836-23332,-,2間,NT$4000-6800(定價係指各種房型之最高備查價格區間，各房型實際售價請依旅宿業者公布為主。),-
曼巴小棧,連江縣南竿鄉清水村129-3號,0937-756458,-,7間,NT$1400-2100(定價係指各種房型之最高備查價格區間，各房型實際售價請依旅宿業者公布為主。),-
金沙28,連江縣南竿鄉津沙村28號,0958-770660,-,2間,NT$3000-3000(定價係指各種房型之最高備查價格區間，各房型實際售價請依旅宿業者公布為主。),-
鄉居民宿,連江縣南竿鄉津沙村29-1號,0958-770660,-,3間,NT$3000-6000(定價係指各種房型之最高備查價格區間，各房型實際售價請依旅宿業者公布為主。),-
依吽哥民宿,連江縣南竿鄉仁愛村94號,0836-22883,-,2間,NT$2000-3000(定價係指各種房型之最高備查價格區間，各房型實際售價請依旅宿業者公布為主。),-
達露岸海景民宿,連江縣北竿鄉橋仔村73-1號,0836-55633,-,5間,NT$2990-4990(定價係指各種房型之最高備查價格區間，各房型實際售價請依旅宿業者公布為主。),-
觀海休閒民宿,連江縣南竿鄉四維村76號,0836-22090,-,8間,NT$2500-4000(定價係指各種房型之最高備查價格區間，各房型實際售價請依旅宿業者公布為主。),-
芹壁德順號民宿2館,連江縣北竿鄉芹壁村57號,0836-56066,-,2間,NT$3200-3200(定價係指各種房型之最高備查價格區間，各房型實際售價請依旅宿業者公布為主。),-
海浪花客棧,連江縣南竿鄉仁愛村64號,0836-22568,-,15間,NT$2000-3600(定價係指各種房型之最高備查價格區間，各房型實際售價請依旅宿業者公布為主。),-
寶玉民宿,連江縣東引鄉中柳村125號,0836-76627,-,2間,NT$1000-1000(定價係指各種房型之最高備查價格區間，各房型實際售價請依旅宿業者公布為主。),-
馬吉民宿,連江縣南竿鄉介壽村3鄰47-3號,0836-25286,-,4間,NT$1800-2700(定價係指各種房型之最高備查價格區間，各房型實際售價請依旅宿業者公布為主。),-
福華民宿,連江縣南竿鄉福沃村110號,0836-22990,-,2間,NT$1800-1800(定價係指各種房型之最高備查價格區間，各房型實際售價請依旅宿業者公布為主。),-
聖托里尼民宿,連江縣南竿鄉清水村103號,0912-278717,-,2間,NT$3500-3800(定價係指各種房型之最高備查價格區間，各房型實際售價請依旅宿業者公布為主。),-
小舅媽民宿,連江縣南竿鄉珠螺村28-1號,0836-22835,-,5間,NT$2600-4600(定價係指各種房型之最高備查價格區間，各房型實際售價請依旅宿業者公布為主。),-
蓮園民宿壹館,連江縣南竿鄉福沃村63號,0836-23386,-,15間,NT$2000-3600(定價係指各種房型之最高備查價格區間，各房型實際售價請依旅宿業者公布為主。),-
馬祖藍灣景觀餐廳民宿,連江縣莒光鄉福正村58號,0836-22420,-,4間,NT$1200-2400(定價係指各種房型之最高備查價格區間，各房型實際售價請依旅宿業者公布為主。),-
海島屋,連江縣北竿鄉塘岐村275之1號,0836-56365,-,4間,NT$1200-2600(定價係指各種房型之最高備查價格區間，各房型實際售價請依旅宿業者公布為主。),-
溫馨民宿,連江縣北竿鄉芹壁村17-1號,0836-56283,-,1間,NT$1200-1200(定價係指各種房型之最高備查價格區間，各房型實際售價請依旅宿業者公布為主。),-
芹壁家適海景民宿,連江縣北竿鄉芹壁村55號,0836-56669,https://www.facebook.com/JUST.coffee.hostel,5間,NT$3000-4800(定價係指各種房型之最高備查價格區間，各房型實際售價請依旅宿業者公布為主。),-
國境之北,連江縣東引鄉樂華村97號,0836-76025,-,2間,NT$1800-1800(定價係指各種房型之最高備查價格區間，各房型實際售價請依旅宿業者公布為主。),-
芹壁休閒渡假村,連江縣北竿鄉芹壁村37號,0836-55456,-,5間,NT$5200-6800(定價係指各種房型之最高備查價格區間，各房型實際售價請依旅宿業者公布為主。),-
芹壁背包客棧,連江縣北竿鄉芹壁村3號,0836-55007,-,2間,NT$4000-5000(定價係指各種房型之最高備查價格區間，各房型實際售價請依旅宿業者公布為主。),-
津沙香草民宿,連江縣南竿鄉津沙村101之1號,0836-23339,-,2間,NT$1200-1800(定價係指各種房型之最高備查價格區間，各房型實際售價請依旅宿業者公布為主。),-
飛馬民宿,連江縣南竿鄉介壽村47之6號,0836-22254,-,1間,NT$3600-3600(定價係指各種房型之最高備查價格區間，各房型實際售價請依旅宿業者公布為主。),-
芹壁德順號民宿,連江縣北竿鄉芹壁村31號,0836-56066,https://www.facebook.com/Chinbe.DShouse/,2間,NT$2400-4000(定價係指各種房型之最高備查價格區間，各房型實際售價請依旅宿業者公布為主。),-
津沙海雲邊民宿,連江縣南竿鄉津沙村101之2號,0836-26190,-,4間,NT$1900-1900(定價係指各種房型之最高備查價格區間，各房型實際售價請依旅宿業者公布為主。),-
沐光B&B,連江縣南竿鄉津沙村98號,0958-810994,-,2間,NT$3500-6000(定價係指各種房型之最高備查價格區間，各房型實際售價請依旅宿業者公布為主。),-
山海一家,連江縣莒光鄉青帆村96-3號,0836-88295,-,13間,NT$3800-7200(定價係指各種房型之最高備查價格區間，各房型實際售價請依旅宿業者公布為主。),-
阿南境民宿,連江縣北竿鄉橋仔村57-2號,0836-56618,-,5間,NT$5000-5000(定價係指各種房型之最高備查價格區間，各房型實際售價請依旅宿業者公布為主。),-
蓮園民宿,連江縣南竿鄉馬祖村79號,0836-23386,-,5間,NT$3000-3000(定價係指各種房型之最高備查價格區間，各房型實際售價請依旅宿業者公布為主。),-
津沙客棧2館,連江縣南竿鄉津沙村49號,0836-23020,https://zh-tw.facebook.com/jinsha.myhome,2間,NT$800-800(定價係指各種房型之最高備查價格區間，各房型實際售價請依旅宿業者公布為主。),-
羅馬佳洲民宿,連江縣北竿鄉塘岐村267之1號,0836-55318,-,5間,NT$3200-4200(定價係指各種房型之最高備查價格區間，各房型實際售價請依旅宿業者公布為主。),-
藍映海岸景觀民宿,連江縣北竿鄉橋仔村73號,0836-55051,-,5間,NT$2600-5400(定價係指各種房型之最高備查價格區間，各房型實際售價請依旅宿業者公布為主。),-
悠活23海景民宿,連江縣北竿鄉芹壁村23號,0955-655139,-,2間,NT$2600-2800(定價係指各種房型之最高備查價格區間，各房型實際售價請依旅宿業者公布為主。),-
芹壁榕樹下民宿,連江縣北竿鄉芹壁村2號,0836-55007,-,3間,NT$1800-3200(定價係指各種房型之最高備查價格區間，各房型實際售價請依旅宿業者公布為主。),-
家適咖啡.民宿3館,連江縣北竿鄉芹壁村60號,0836-56669,https://www.facebook.com/JUST.coffee.hostel/,2間,NT$3400-4200(定價係指各種房型之最高備查價格區間，各房型實際售價請依旅宿業者公布為主。),-
宏瑞民宿,連江縣北竿鄉塘岐村146號,0836-56598,-,5間,NT$2200-3000(定價係指各種房型之最高備查價格區間，各房型實際售價請依旅宿業者公布為主。),-
依金那民宿,連江縣南竿鄉福沃村57號,0836-22098,-,12間,NT$2500-3500(定價係指各種房型之最高備查價格區間，各房型實際售價請依旅宿業者公布為主。),-
娘家小宅,連江縣南竿鄉復興村122號,0836-22003,-,2間,NT$4800-4800(定價係指各種房型之最高備查價格區間，各房型實際售價請依旅宿業者公布為主。),-
聖托里尼民宿一館,連江縣南竿鄉清水村96-7號,0926-673311,-,15間,NT$1800-3800(定價係指各種房型之最高備查價格區間，各房型實際售價請依旅宿業者公布為主。),-
芹壁愛情海2館,連江縣北竿鄉芹壁村69號,0836-56668,-,5間,NT$2800-5200(定價係指各種房型之最高備查價格區間，各房型實際售價請依旅宿業者公布為主。),-
清雅民宿,連江縣北竿鄉塘岐村225號,0836-56239,https://www.facebook.com/chingya.house,3間,NT$1400-3500(定價係指各種房型之最高備查價格區間，各房型實際售價請依旅宿業者公布為主。),-
報告班長,連江縣南竿鄉清水村116號,0836-25116,-,5間,NT$1600-5400(定價係指各種房型之最高備查價格區間，各房型實際售價請依旅宿業者公布為主。),-
富喜民宿二館,連江縣南竿鄉復興村35之2號,0836-25355,-,15間,NT$3500-5500(定價係指各種房型之最高備查價格區間，各房型實際售價請依旅宿業者公布為主。),-
香格里拉休閒民宿2館,連江縣東引鄉中柳村113號,0836-76191,https://hotel.matsu.idv.tw/shangrila/holiday.html,3間,NT$4000-4000(定價係指各種房型之最高備查價格區間，各房型實際售價請依旅宿業者公布為主。),-
隴之悅驛宿館,連江縣南竿鄉介壽村8鄰215號,0836-23488,https://www.facebook.com/%E9%9A%B4%E4%B9%8B%E6%82%85%E9%A9%9B%E5%AE%BF%E9%A4%A8-728818047184008/,16間,NT$8000-10000(定價係指各種房型之最高備查價格區間，各房型實際售價請依旅宿業者公布為主。),-
風燈民宿,連江縣南竿鄉介壽村180號,0836-25457,-,8間,NT$3900-3900(定價係指各種房型之最高備查價格區間，各房型實際售價請依旅宿業者公布為主。),-
家適咖啡.民宿2館,連江縣北竿鄉芹壁村59號,0836-56669,https://www.facebook.com/JUST.coffee.hostel/,5間,NT$3400-4200(定價係指各種房型之最高備查價格區間，各房型實際售價請依旅宿業者公布為主。),-
海天民宿(特色民宿),連江縣南竿鄉馬祖村4-2號,0836-26899,-,10間,NT$1900-2700(定價係指各種房型之最高備查價格區間，各房型實際售價請依旅宿業者公布為主。),-
嚮居民宿,連江縣南竿鄉仁愛村133號,0836-23503,-,7間,NT$4000-5000(定價係指各種房型之最高備查價格區間，各房型實際售價請依旅宿業者公布為主。),-
沐光民宿,連江縣南竿鄉津沙村137號,0958-810994,-,3間,NT$4500-5500(定價係指各種房型之最高備查價格區間，各房型實際售價請依旅宿業者公布為主。),-
沐光二館,連江縣南竿鄉津沙村134號,0958-810994,-,3間,NT$4500-6000(定價係指各種房型之最高備查價格區間，各房型實際售價請依旅宿業者公布為主。),-
莒光英雄館民宿,連江縣莒光鄉大坪村3-3號,0836-88033,-,11間,NT$2400-7000(定價係指各種房型之最高備查價格區間，各房型實際售價請依旅宿業者公布為主。),-
船老大民宿3,連江縣莒光鄉福正村15號,0919-991491,-,5間,NT$4200-4200(定價係指各種房型之最高備查價格區間，各房型實際售價請依旅宿業者公布為主。),-
白日夢花園海景民宿,連江縣南竿鄉福沃村51號,0978-988303,https://daydreamhostel.com/,8間,NT$2600-3980(定價係指各種房型之最高備查價格區間，各房型實際售價請依旅宿業者公布為主。),-
麗堤民宿,連江縣南竿鄉介壽村245-1號2樓,0919-196962,-,15間,NT$1700-2800(定價係指各種房型之最高備查價格區間，各房型實際售價請依旅宿業者公布為主。),-
木喜海景民宿,連江縣北竿鄉橋仔村120號,0921-930115,-,8間,NT$3200-3800(定價係指各種房型之最高備查價格區間，各房型實際售價請依旅宿業者公布為主。),-
津沙101民宿,連江縣南竿鄉津沙村1-1號,0836-25322,-,14間,NT$2400-3800(定價係指各種房型之最高備查價格區間，各房型實際售價請依旅宿業者公布為主。),-
船老大民宿貳館,連江縣莒光鄉大坪村55-1號,09-37056452,-,5間,NT$4200-4200(定價係指各種房型之最高備查價格區間，各房型實際售價請依旅宿業者公布為主。),-
星海客棧,連江縣莒光鄉福正村31之2號,0912-846569,-,3間,NT$1800-2400(定價係指各種房型之最高備查價格區間，各房型實際售價請依旅宿業者公布為主。),-
黃金沙灘民宿一館,連江縣莒光鄉大坪村89-1號,0836-88246,-,6間,NT$1800-2800(定價係指各種房型之最高備查價格區間，各房型實際售價請依旅宿業者公布為主。),-
海浪花民宿,連江縣南竿鄉仁愛村45號,0836-22568,-,3間,NT$2600-2600(定價係指各種房型之最高備查價格區間，各房型實際售價請依旅宿業者公布為主。),-
芹壁五家村民宿,連江縣北竿鄉芹壁村88號,0932-373332,-,2間,NT$3800-3800(定價係指各種房型之最高備查價格區間，各房型實際售價請依旅宿業者公布為主。),-
北澳秘山居,連江縣東引鄉中柳村126號,0836-77380,-,5間,NT$4000-4000(定價係指各種房型之最高備查價格區間，各房型實際售價請依旅宿業者公布為主。),-
馬祖享宿民宿,連江縣南竿鄉仁愛村67-1號,0910-342252,-,2間,NT$5200-5200(定價係指各種房型之最高備查價格區間，各房型實際售價請依旅宿業者公布為主。),-
大坵島生態民宿,連江縣北竿鄉橋仔村4鄰164號,0927-189032,-,4間,NT$2400-2400(定價係指各種房型之最高備查價格區間，各房型實際售價請依旅宿業者公布為主。),-
涼山頂民宿風味小館,連江縣南竿鄉福沃村17號,0836-25386,-,8間,NT$2000-2000(定價係指各種房型之最高備查價格區間，各房型實際售價請依旅宿業者公布為主。),-
報告班長2館,連江縣南竿鄉珠螺村40號,0932-925295,-,1間,NT$600-1000(定價係指各種房型之最高備查價格區間，各房型實際售價請依旅宿業者公布為主。),-
祖厝民宿,連江縣南竿鄉介壽村120-1號,0919-919181,-,2間,NT$3000-3000(定價係指各種房型之最高備查價格區間，各房型實際售價請依旅宿業者公布為主。),-
馬港驛站,連江縣南竿鄉馬祖村4之3號,0836-22935,-,5間,NT$2000-2000(定價係指各種房型之最高備查價格區間，各房型實際售價請依旅宿業者公布為主。),-
麗堤本館民宿,連江縣南竿鄉介壽村245-1號,0919-196962,-,14間,NT$1600-3200(定價係指各種房型之最高備查價格區間，各房型實際售價請依旅宿業者公布為主。),-
芹壁愛情海3館,連江縣北竿鄉芹壁村65-1號,0917-912718,-,2間,NT$4800-4800(定價係指各種房型之最高備查價格區間，各房型實際售價請依旅宿業者公布為主。),-
雲記山莊,連江縣北竿鄉后沃村1-5號,0836-55380,-,5間,NT$3000-5200(定價係指各種房型之最高備查價格區間，各房型實際售價請依旅宿業者公布為主。),-
東莒幸福居民宿2館,連江縣莒光鄉大坪村106號,0836-89021,-,3間,NT$3000-6000(定價係指各種房型之最高備查價格區間，各房型實際售價請依旅宿業者公布為主。),-
鼎鑫海景民宿,連江縣南竿鄉復興村25-3號,0836-23823,-,7間,NT$1800-3600(定價係指各種房型之最高備查價格區間，各房型實際售價請依旅宿業者公布為主。),-
馬祖享宿民宿二館,連江縣南竿鄉仁愛村107號,0910-342252,-,2間,NT$4800-5200(定價係指各種房型之最高備查價格區間，各房型實際售價請依旅宿業者公布為主。),-
06聚點,連江縣北竿鄉后沃村1-7,0988-879892,-,5間,NT$3000-5000(定價係指各種房型之最高備查價格區間，各房型實際售價請依旅宿業者公布為主。),-
聽海民宿一館,連江縣南竿鄉津沙村32號,0836-23003,-,6間,NT$3800-3800(定價係指各種房型之最高備查價格區間，各房型實際售價請依旅宿業者公布為主。),-
芹壁老時光,連江縣北竿鄉芹壁村35號,0836-56668,-,2間,NT$4800-4800(定價係指各種房型之最高備查價格區間，各房型實際售價請依旅宿業者公布為主。),-
宏瑞民宿1館,連江縣北竿鄉塘岐村144號,0921-535305,-,5間,NT$2200-2800(定價係指各種房型之最高備查價格區間，各房型實際售價請依旅宿業者公布為主。),-
芽哦小窩,連江縣南竿鄉介壽村47-11號,0836-22003,-,3間,NT$4800-4800(定價係指各種房型之最高備查價格區間，各房型實際售價請依旅宿業者公布為主。),-
友誼山莊民宿,連江縣莒光鄉田沃村67號,0836-88028,-,13間,NT$2000-4800(定價係指各種房型之最高備查價格區間，各房型實際售價請依旅宿業者公布為主。),-
亞窩行館,連江縣南竿鄉四維村32-1號5樓,0965-602599,-,4間,NT$9600-9600(定價係指各種房型之最高備查價格區間，各房型實際售價請依旅宿業者公布為主。),-
美好民宿,連江縣南竿鄉津沙村139號,083623209-0983187352,https://www.facebook.com/%E7%BE%8E%E5%A5%BD%E6%B0%91%E5%AE%BF-101427991609447,4間,NT$2600-2600(定價係指各種房型之最高備查價格區間，各房型實際售價請依旅宿業者公布為主。),-
鴻景山莊一館,連江縣莒光鄉大坪村5號,0836-88033,-,15間,NT$2800-3800(定價係指各種房型之最高備查價格區間，各房型實際售價請依旅宿業者公布為主。),-
津沙海雲邊一館,連江縣南竿鄉津沙村38號,0928-812879,-,2間,NT$4600-4600(定價係指各種房型之最高備查價格區間，各房型實際售價請依旅宿業者公布為主。),-
美麗的民宿,連江縣北竿鄉塘岐村207號,0836-56510,-,8間,NT$3000-3000(定價係指各種房型之最高備查價格區間，各房型實際售價請依旅宿業者公布為主。),-
印象海風民宿,連江縣南竿鄉介壽村309號,0919-279618,-,5間,NT$3600-5000(定價係指各種房型之最高備查價格區間，各房型實際售價請依旅宿業者公布為主。),-
UNCLE民宿,連江縣東引鄉樂華村132號,0836-77051,-,1間,NT$5000-5000(定價係指各種房型之最高備查價格區間，各房型實際售價請依旅宿業者公布為主。),-
大包的家民宿,連江縣北竿鄉塘岐村267-3號,0836-55471,-,7間,NT$3600-3600(定價係指各種房型之最高備查價格區間，各房型實際售價請依旅宿業者公布為主。),-
雲台客棧,連江縣南竿鄉津沙村79號,0963-015100,http://www.yuntai.idv.tw,3間,NT$1800-4000(定價係指各種房型之最高備查價格區間，各房型實際售價請依旅宿業者公布為主。),-
船老大民宿一館,連江縣莒光鄉莒光鄉大坪村72-1號,0836-88022,-,14間,NT$3200-4200(定價係指各種房型之最高備查價格區間，各房型實際售價請依旅宿業者公布為主。),-
故鄉民宿二館,連江縣莒光鄉大坪村79號,0836-88080,-,10間,NT$3000-4000(定價係指各種房型之最高備查價格區間，各房型實際售價請依旅宿業者公布為主。),-
馬祖藍灣景觀餐廳民宿南館,連江縣南竿鄉珠螺村52-1號,0836-22420,-,2間,NT$3000-3800(定價係指各種房型之最高備查價格區間，各房型實際售價請依旅宿業者公布為主。),-
津沙民宿2店,連江縣南竿鄉津沙村42-1號,0836-22765,-,2間,NT$2200-2700(定價係指各種房型之最高備查價格區間，各房型實際售價請依旅宿業者公布為主。),-
皇亞會館,連江縣南竿鄉仁愛村15-1號,0836-26109,-,14間,NT$4000-4000(定價係指各種房型之最高備查價格區間，各房型實際售價請依旅宿業者公布為主。),-
介壽澳口民宿,連江縣南竿鄉介壽村336-2號7樓,0836-25015,-,5間,NT$2500-3000(定價係指各種房型之最高備查價格區間，各房型實際售價請依旅宿業者公布為主。),-
馬祖北極星民宿,連江縣南竿鄉福沃村128號,0919-280560,-,7間,NT$2500-2500(定價係指各種房型之最高備查價格區間，各房型實際售價請依旅宿業者公布為主。),-
清水灣客棧二館,連江縣南竿鄉清水村130-2號,0928-022449,-,15間,NT$3000-3500(定價係指各種房型之最高備查價格區間，各房型實際售價請依旅宿業者公布為主。),-
容叔芽窩,連江縣莒光鄉福正村25號,0919-919773,-,5間,NT$2200-2200(定價係指各種房型之最高備查價格區間，各房型實際售價請依旅宿業者公布為主。),-
一九六民宿,連江縣北竿鄉塘岐村196號,0928-262405,-,3間,NT$2100-3000(定價係指各種房型之最高備查價格區間，各房型實際售價請依旅宿業者公布為主。),-
清水灣客棧一館,連江縣南竿鄉清水村130-1號,0928-022449,-,8間,NT$3000-4000(定價係指各種房型之最高備查價格區間，各房型實際售價請依旅宿業者公布為主。),-
卡蹓牛角,連江縣南竿鄉復興村110-2號,0912-575662,-,5間,NT$5000-6000(定價係指各種房型之最高備查價格區間，各房型實際售價請依旅宿業者公布為主。),-
大宅三院青年旅舍,連江縣北竿鄉坂里村50、52號,0937-868105,-,8間,NT$2600-4200(定價係指各種房型之最高備查價格區間，各房型實際售價請依旅宿業者公布為主。),-
馬蓋先二館,連江縣東引鄉樂華村139-1號,0836-76277,-,8間,NT$2200-3000(定價係指各種房型之最高備查價格區間，各房型實際售價請依旅宿業者公布為主。),-
國境之北二館,連江縣東引鄉樂華村106號,0919-280971,-,9間,NT$2600-4000(定價係指各種房型之最高備查價格區間，各房型實際售價請依旅宿業者公布為主。),-
海景民宿,連江縣莒光鄉田沃村68-3號,0836-88125,-,5間,NT$1600-2000(定價係指各種房型之最高備查價格區間，各房型實際售價請依旅宿業者公布為主。),-
芹壁老時光2館,連江縣北竿鄉芹壁村39號,0836-56668,-,2間,NT$3200-3900(定價係指各種房型之最高備查價格區間，各房型實際售價請依旅宿業者公布為主。),-
馬祖藍灣景觀餐廳民宿南館2館,連江縣南竿鄉珠螺村52號,0836-22420,-,4間,NT$3000-3800(定價係指各種房型之最高備查價格區間，各房型實際售價請依旅宿業者公布為主。),-
芽窩民宿,連江縣莒光鄉大坪村37-1號,09-12448120,-,3間,NT$2000-2000(定價係指各種房型之最高備查價格區間，各房型實際售價請依旅宿業者公布為主。),-
好馨情民宿,連江縣南竿鄉復興村171號,0933-239634,-,3間,NT$2600-3000(定價係指各種房型之最高備查價格區間，各房型實際售價請依旅宿業者公布為主。),-
冉冉29,連江縣北竿鄉橋仔村23-2號,0919-521909,-,3間,NT$4000-4000(定價係指各種房型之最高備查價格區間，各房型實際售價請依旅宿業者公布為主。),-
今友緣二館,連江縣東引鄉樂華村95號2樓,0928-061393,-,7間,NT$2000-3000(定價係指各種房型之最高備查價格區間，各房型實際售價請依旅宿業者公布為主。),-
靜園海岸,連江縣北竿鄉芹壁村46號,0836-55398,-,5間,NT$2800-4800(定價係指各種房型之最高備查價格區間，各房型實際售價請依旅宿業者公布為主。),-
小島上,連江縣東引鄉樂華村74號,0919-919127,-,3間,NT$3600-4200(定價係指各種房型之最高備查價格區間，各房型實際售價請依旅宿業者公布為主。),-
安逸海景旅店,連江縣東引鄉樂華村22-1號,0938-938191,-,5間,NT$3680-5880(定價係指各種房型之最高備查價格區間，各房型實際售價請依旅宿業者公布為主。),-
阿金民宿二館,連江縣東引鄉樂華村120-1號,0963-309155,-,8間,NT$3000-6000(定價係指各種房型之最高備查價格區間，各房型實際售價請依旅宿業者公布為主。),-
芹聚輕旅,連江縣北竿鄉芹壁村36號,0963-769009,-,2間,NT$11000-11000(定價係指各種房型之最高備查價格區間，各房型實際售價請依旅宿業者公布為主。),-
民生民宿二館,連江縣東引鄉樂華村136號,0836-76039,-,5間,NT$2000-2400(定價係指各種房型之最高備查價格區間，各房型實際售價請依旅宿業者公布為主。),-
芹壁幸福海岸民宿3館,連江縣北竿鄉芹壁村20號,0836-55355,-,2間,NT$3800-5000(定價係指各種房型之最高備查價格區間，各房型實際售價請依旅宿業者公布為主。),-
東引勇哥民宿,連江縣東引鄉樂華村155號,0836-76114,-,5間,NT$1800-2800(定價係指各種房型之最高備查價格區間，各房型實際售價請依旅宿業者公布為主。),-
芹壁休閒渡假村二館,連江縣北竿鄉連江縣北竿鄉芹壁村29號,0988-243953,-,3間,NT$2500-3300(定價係指各種房型之最高備查價格區間，各房型實際售價請依旅宿業者公布為主。),-
昕華飯店,連江縣東引鄉樂華村47號,0836-77600,-,13間,NT$2800-3600(定價係指各種房型之最高備查價格區間，各房型實際售價請依旅宿業者公布為主。),-
東磯民宿,連江縣東引鄉樂華村163-1號,0836-76225,-,4間,NT$1400-2100(定價係指各種房型之最高備查價格區間，各房型實際售價請依旅宿業者公布為主。),-
昕華二館,連江縣東引鄉中柳村32號,0836-77370,-,9間,NT$2600-3200(定價係指各種房型之最高備查價格區間，各房型實際售價請依旅宿業者公布為主。),-
邊辰民宿一館,連江縣東引鄉樂華村39號,0836-76053,-,11間,NT$2600-4000(定價係指各種房型之最高備查價格區間，各房型實際售價請依旅宿業者公布為主。),-
海上人家二館,連江縣莒光鄉福正村14-2號,0836-88141,-,3間,NT$2000-4000(定價係指各種房型之最高備查價格區間，各房型實際售價請依旅宿業者公布為主。),-
55心聚點,連江縣南竿鄉津沙村150號,0978-088069,-,5間,NT$4800-12800(定價係指各種房型之最高備查價格區間，各房型實際售價請依旅宿業者公布為主。),-
珠螺灣會館,連江縣南竿鄉珠螺村42號,0939-238536,-,15間,NT$4800-8800(定價係指各種房型之最高備查價格區間，各房型實際售價請依旅宿業者公布為主。),-
樂活海景民宿,連江縣北竿鄉連江縣北竿鄉橋仔村69號,0836-56039,-,5間,NT$4400-4400(定價係指各種房型之最高備查價格區間，各房型實際售價請依旅宿業者公布為主。),-
青雲驛棧,連江縣北竿鄉橋仔村23-1號,0925-166602,-,5間,NT$3980-3980(定價係指各種房型之最高備查價格區間，各房型實際售價請依旅宿業者公布為主。),-
花漾・森山舍,連江縣北竿鄉坂里村11號,0908-833833,-,5間,NT$4000-8000(定價係指各種房型之最高備查價格區間，各房型實際售價請依旅宿業者公布為主。),-
芹壁村25號之老村長的漁寮分館,連江縣北竿鄉芹壁村24號2樓,0836-55628,-,4間,NT$4500-4500(定價係指各種房型之最高備查價格區間，各房型實際售價請依旅宿業者公布為主。),-
小島人家,連江縣南竿鄉介壽村336-9號,0836-22766,-,5間,NT$5000-6000(定價係指各種房型之最高備查價格區間，各房型實際售價請依旅宿業者公布為主。),-
台北人民宿,連江縣莒光鄉大坪村87號,0961-318393,-,4間,NT$3800-5000(定價係指各種房型之最高備查價格區間，各房型實際售價請依旅宿業者公布為主。),-
草芹蓁民宿,連江縣北竿鄉芹壁村56-1號,0928-857736,-,2間,NT$3500-3500(定價係指各種房型之最高備查價格區間，各房型實際售價請依旅宿業者公布為主。),-
璞宿商旅,連江縣南竿鄉介壽村336-8號,0836-22779,-,5間,NT$9000-9000(定價係指各種房型之最高備查價格區間，各房型實際售價請依旅宿業者公布為主。),-
芹壁村25號之八姆家,連江縣北竿鄉芹壁村26號,0836-55628,-,4間,NT$4000-4800(定價係指各種房型之最高備查價格區間，各房型實際售價請依旅宿業者公布為主。),-
小島上二館,連江縣東引鄉樂華村37號,0932-964207,-,5間,NT$2400-2400(定價係指各種房型之最高備查價格區間，各房型實際售價請依旅宿業者公布為主。),-
悠而行旅,連江縣南竿鄉馬祖村11號2樓,0911-883762,-,5間,NT$3600-5600(定價係指各種房型之最高備查價格區間，各房型實際售價請依旅宿業者公布為主。),-
芹壁山城民宿2館,連江縣北竿鄉芹壁村77號,0836-55630,http://www.chinbe-hill-village.com.tw,4間,NT$4000-5000(定價係指各種房型之最高備查價格區間，各房型實際售價請依旅宿業者公布為主。),-
